{
  "facility_id": "facility_1",
  "name": "California Detox Center",
  "address": "456 Detox Ave, Los Angeles, CA 90012",
  "phone": "(213) 555-0001",
  "email": "info@caldetox.com",
  "created_at": "2023-01-01T00:00:00Z",
  "data": {
    "patients": [
      {
        "id": "patient_1",
        "first_name": "John",
        "last_name": "Doe",
        "dob": "1980-01-15",
        "gender": "male",
        "contact": {
          "phone": "(310) 555-1234",
          "email": "john.doe@example.com"
        },
        "address": "456 Detox Ave, Los Angeles, CA 90012",
        "created_at": "2023-01-01T08:00:00Z",
        "updated_at": "2023-01-05T10:00:00Z",
        "patient_colors_map": {
          "color": "blue"
        },
        "restricted_patients_map": {}
      },
      {
        "id": "patient_2",
        "first_name": "Jane",
        "last_name": "Smith",
        "dob": "1985-06-20",
        "gender": "female",
        "contact": {
          "phone": "(310) 555-2345",
          "email": "jane.smith@example.com"
        },
        "address": "456 Detox Ave, Los Angeles, CA 90012",
        "created_at": "2023-01-02T09:00:00Z",
        "updated_at": "2023-01-06T11:00:00Z",
        "patient_colors_map": {
          "color": "green"
        },
        "restricted_patients_map": {}
      },
      {
        "id": "patient_3",
        "first_name": "Robert",
        "last_name": "Johnson",
        "dob": "1975-03-10",
        "gender": "male",
        "contact": {
          "phone": "(310) 555-3456",
          "email": "robert.johnson@example.com"
        },
        "address": "456 Detox Ave, Los Angeles, CA 90012",
        "created_at": "2023-01-03T10:00:00Z",
        "updated_at": "2023-01-07T12:00:00Z",
        "patient_colors_map": {
          "color": "red"
        },
        "restricted_patients_map": {}
      }
    ],
    "appointments": [
      {
        "id": "appointment_1",
        "patient_id": "patient_1",
        "provider_id": "provider_1",
        "appointment_time": "2023-01-07T09:00:00Z",
        "status": "admitted",
        "created_at": "2023-01-06T08:00:00Z",
        "appointments_map": {}
      },
      {
        "id": "appointment_2",
        "patient_id": "patient_2",
        "provider_id": "provider_2",
        "appointment_time": "2023-01-07T09:15:00Z",
        "status": "admitted",
        "created_at": "2023-01-06T08:05:00Z",
        "appointments_map": {}
      },
      {
        "id": "appointment_3",
        "patient_id": "patient_3",
        "provider_id": "provider_1",
        "appointment_time": "2023-01-07T09:30:00Z",
        "status": "admitted",
        "created_at": "2023-01-06T08:10:00Z",
        "appointments_map": {}
      }
    ],
    "providers": [
      {
        "id": "provider_1",
        "name": "Dr. Martinez",
        "specialty": "Detox Medicine",
        "contact": {
          "phone": "(213) 555-1010",
          "email": "dr.martinez@caldetox.com"
        },
        "created_at": "2023-01-01T07:00:00Z",
        "roles_map": {}
      },
      {
        "id": "provider_2",
        "name": "Nurse Garcia",
        "specialty": "Nursing",
        "contact": {
          "phone": "(213) 555-2020",
          "email": "nurse.garcia@caldetox.com"
        },
        "created_at": "2023-01-01T07:30:00Z",
        "roles_map": {}
      }
    ],
    "insurances": [
      {
        "id": "insurance_1",
        "patient_id": "patient_1",
        "insurance_company": "California Health",
        "policy_number": "CAH-001",
        "origin_id": "origin_1",
        "created_at": "2023-01-06T10:00:00Z"
      },
      {
        "id": "insurance_2",
        "patient_id": "patient_2",
        "insurance_company": "California Health",
        "policy_number": "CAH-002",
        "origin_id": "origin_1",
        "created_at": "2023-01-06T10:05:00Z"
      },
      {
        "id": "insurance_3",
        "patient_id": "patient_3",
        "insurance_company": "California Health",
        "policy_number": "CAH-003",
        "origin_id": "origin_1",
        "created_at": "2023-01-06T10:10:00Z"
      }
    ],
    "evaluations": [
      {
        "id": "evaluation_1",
        "patient_id": "patient_1",
        "evaluation_type": "Detox Intake",
        "notes": "Patient requires monitoring for withdrawal symptoms. Vitals stable. BP 120/80, HR 78.",
        "created_at": "2023-01-07T10:00:00Z",
        "patient_evaluation_item_base": {}
      },
      {
        "id": "evaluation_2",
        "patient_id": "patient_2",
        "evaluation_type": "Detox Intake",
        "notes": "Patient exhibits mild withdrawal. Recommend vitamin supplementation. BP 135/85, HR 92.",
        "created_at": "2023-01-07T10:15:00Z",
        "patient_evaluation_item_base": {}
      },
      {
        "id": "evaluation_3",
        "patient_id": "patient_3",
        "evaluation_type": "Detox Intake",
        "notes": "Patient shows signs of dehydration. Increase fluids. BP 118/75, HR 84.",
        "created_at": "2023-01-07T10:30:00Z",
        "patient_evaluation_item_base": {}
      },
      {
        "id": "evaluation_4",
        "patient_id": "patient_1",
        "evaluation_type": "CIWA-Ar",
        "notes": "Score: 12 - Moderate withdrawal symptoms. Prescribed diazepam as needed.",
        "created_at": "2023-01-08T09:00:00Z",
        "patient_evaluation_item_base": {}
      },
      {
        "id": "evaluation_5",
        "patient_id": "patient_2",
        "evaluation_type": "CIWA-Ar",
        "notes": "Score: 8 - Mild to moderate withdrawal. Monitoring closely.",
        "created_at": "2023-01-08T09:45:00Z",
        "patient_evaluation_item_base": {}
      },
      {
        "id": "evaluation_6",
        "patient_id": "patient_3",
        "evaluation_type": "COWS",
        "notes": "Score: 10 - Moderate opioid withdrawal. Started buprenorphine induction.",
        "created_at": "2023-01-08T10:30:00Z",
        "patient_evaluation_item_base": {}
      },
      {
        "id": "evaluation_7",
        "patient_id": "patient_1",
        "evaluation_type": "Mental Status Exam",
        "notes": "Patient alert and oriented. No suicidal ideation. Some anxiety present.",
        "created_at": "2023-01-09T11:00:00Z",
        "patient_evaluation_item_base": {}
      },
      {
        "id": "evaluation_8",
        "patient_id": "patient_2",
        "evaluation_type": "Psychosocial Assessment",
        "notes": "Strong family support identified. Housing stable. Employment history consistent.",
        "created_at": "2023-01-09T13:15:00Z",
        "patient_evaluation_item_base": {}
      },
      {
        "id": "evaluation_9",
        "patient_id": "patient_3",
        "evaluation_type": "Biopsychosocial Assessment",
        "notes": "History of trauma identified. Recommending trauma-focused therapy alongside addiction treatment.",
        "created_at": "2023-01-09T14:30:00Z",
        "patient_evaluation_item_base": {}
      },
      {
        "id": "evaluation_10",
        "patient_id": "patient_1",
        "evaluation_type": "CIWA-Ar",
        "notes": "Score: 7 - Symptoms improving. Continuing with medication protocol.",
        "created_at": "2023-01-10T09:00:00Z",
        "patient_evaluation_item_base": {}
      },
      {
        "id": "evaluation_11",
        "patient_id": "patient_2",
        "evaluation_type": "Nutrition Assessment",
        "notes": "BMI: 24.2. Vitamin deficiencies noted. Starting supplementation protocol.",
        "created_at": "2023-01-10T10:30:00Z",
        "patient_evaluation_item_base": {}
      },
      {
        "id": "evaluation_12",
        "patient_id": "patient_3",
        "evaluation_type": "COWS",
        "notes": "Score: 6 - Withdrawal symptoms improving. Continuing with buprenorphine maintenance.",
        "created_at": "2023-01-10T11:15:00Z",
        "patient_evaluation_item_base": {}
      },
      {
        "id": "evaluation_13",
        "patient_id": "patient_1",
        "evaluation_type": "Group Therapy Progress Note",
        "notes": "Active participation in group. Sharing experiences and engaging with peers positively.",
        "created_at": "2023-01-12T14:00:00Z",
        "patient_evaluation_item_base": {}
      },
      {
        "id": "evaluation_14",
        "patient_id": "patient_2",
        "evaluation_type": "Individual Therapy Session",
        "notes": "Exploring triggers and developing coping strategies. Good insight demonstrated.",
        "created_at": "2023-01-12T15:30:00Z",
        "patient_evaluation_item_base": {}
      },
      {
        "id": "evaluation_15",
        "patient_id": "patient_3",
        "evaluation_type": "Medical Review",
        "notes": "Liver function tests improving. Continuing with medication regimen.",
        "created_at": "2023-01-13T09:45:00Z",
        "patient_evaluation_item_base": {}
      },
      {
        "id": "evaluation_16",
        "patient_id": "patient_1",
        "evaluation_type": "Physical Therapy Assessment",
        "notes": "Mild muscle weakness noted. Starting gentle exercise regimen.",
        "created_at": "2023-01-15T10:00:00Z",
        "patient_evaluation_item_base": {}
      },
      {
        "id": "evaluation_17",
        "patient_id": "patient_2",
        "evaluation_type": "Family Therapy Session",
        "notes": "Family members engaged in recovery process. Communication patterns improving.",
        "created_at": "2023-01-15T13:30:00Z",
        "patient_evaluation_item_base": {}
      },
      {
        "id": "evaluation_18",
        "patient_id": "patient_3",
        "evaluation_type": "Psychiatric Evaluation",
        "notes": "Dual diagnosis confirmed. Starting antidepressant alongside addiction treatment.",
        "created_at": "2023-01-16T11:00:00Z",
        "patient_evaluation_item_base": {}
      },
      {
        "id": "evaluation_19",
        "patient_id": "patient_1",
        "evaluation_type": "Relapse Prevention Planning",
        "notes": "Identified high-risk situations. Developed specific strategies for each scenario.",
        "created_at": "2023-01-20T14:15:00Z",
        "patient_evaluation_item_base": {}
      },
      {
        "id": "evaluation_20",
        "patient_id": "patient_2",
        "evaluation_type": "Life Skills Assessment",
        "notes": "Needs assistance with budgeting and time management. Referred to life skills group.",
        "created_at": "2023-01-21T10:30:00Z",
        "patient_evaluation_item_base": {}
      },
      {
        "id": "evaluation_21",
        "patient_id": "patient_3",
        "evaluation_type": "Medication Management",
        "notes": "Medication compliance good. Side effects minimal. Continuing current regimen.",
        "created_at": "2023-01-22T09:00:00Z",
        "patient_evaluation_item_base": {}
      },
      {
        "id": "evaluation_22",
        "patient_id": "patient_1",
        "evaluation_type": "Discharge Planning",
        "notes": "Outpatient treatment arranged. Housing secure. Follow-up appointments scheduled.",
        "created_at": "2023-01-25T11:30:00Z",
        "patient_evaluation_item_base": {}
      },
      {
        "id": "evaluation_23",
        "patient_id": "patient_2",
        "evaluation_type": "Vocational Rehabilitation Assessment",
        "notes": "Career interests identified. Referred to job training program.",
        "created_at": "2023-01-26T14:00:00Z",
        "patient_evaluation_item_base": {}
      },
      {
        "id": "evaluation_24",
        "patient_id": "patient_3",
        "evaluation_type": "Aftercare Planning",
        "notes": "Transitioning to intensive outpatient program. Recovery support groups identified.",
        "created_at": "2023-01-27T13:15:00Z",
        "patient_evaluation_item_base": {}
      },
      {
        "id": "evaluation_25",
        "patient_id": "patient_1",
        "evaluation_type": "Follow-up Assessment",
        "notes": "One week post-discharge. Maintaining sobriety. Attending all scheduled appointments.",
        "created_at": "2023-02-02T10:00:00Z",
        "patient_evaluation_item_base": {}
      },
      {
        "id": "evaluation_26",
        "patient_id": "patient_2",
        "evaluation_type": "Substance Use Disorder Reassessment",
        "notes": "Reduced cravings reported. Using learned coping skills effectively.",
        "created_at": "2023-02-03T11:30:00Z",
        "patient_evaluation_item_base": {}
      },
      {
        "id": "evaluation_27",
        "patient_id": "patient_3",
        "evaluation_type": "Trauma Therapy Progress Note",
        "notes": "Beginning to process traumatic events. Utilizing grounding techniques effectively.",
        "created_at": "2023-02-04T14:45:00Z",
        "patient_evaluation_item_base": {}
      },
      {
        "id": "evaluation_28",
        "patient_id": "patient_1",
        "evaluation_type": "Case Management",
        "notes": "Medicaid application approved. Transportation arrangements for appointments made.",
        "created_at": "2023-02-10T09:30:00Z",
        "patient_evaluation_item_base": {}
      },
      {
        "id": "evaluation_29",
        "patient_id": "patient_2",
        "evaluation_type": "Recovery Milestone Assessment",
        "notes": "30 days continuous sobriety achieved. Celebrating progress and setting new goals.",
        "created_at": "2023-02-12T13:00:00Z",
        "patient_evaluation_item_base": {}
      },
      {
        "id": "evaluation_30",
        "patient_id": "patient_3",
        "evaluation_type": "Holistic Health Assessment",
        "notes": "Incorporating meditation and yoga into recovery plan. Reporting improved sleep quality.",
        "created_at": "2023-02-15T10:15:00Z",
        "patient_evaluation_item_base": {}
      }
    ],
    "contacts": [
      {
        "id": "contact_1",
        "patient_id": "patient_1",
        "type": "emergency",
        "name": "Alice Doe",
        "phone": "(310) 555-1111",
        "relationship": "sibling",
        "contact_person_object": {}
      },
      {
        "id": "contact_2",
        "patient_id": "patient_2",
        "type": "emergency",
        "name": "Bob Smith",
        "phone": "(310) 555-2222",
        "relationship": "parent",
        "contact_person_object": {}
      },
      {
        "id": "contact_3",
        "patient_id": "patient_3",
        "type": "emergency",
        "name": "Carol Johnson",
        "phone": "(310) 555-3333",
        "relationship": "spouse",
        "contact_person_object": {}
      }
    ],
    "vital_signs": [
      {
        "id": "vital_sign_1",
        "patient_id": "patient_1",
        "type": "blood_pressure",
        "value": "118/76",
        "timestamp": "2023-01-07T09:30:00Z",
        "vital_sign_object": {}
      },
      {
        "id": "vital_sign_2",
        "patient_id": "patient_2",
        "type": "blood_pressure",
        "value": "120/80",
        "timestamp": "2023-01-07T09:35:00Z",
        "vital_sign_object": {}
      },
      {
        "id": "vital_sign_3",
        "patient_id": "patient_3",
        "type": "blood_pressure",
        "value": "122/82",
        "timestamp": "2023-01-07T09:40:00Z",
        "vital_sign_object": {}
      }
    ],
    "locations": [
      {
        "id": "location_1",
        "name": "California Detox Center",
        "address": "456 Detox Ave, Los Angeles, CA 90012",
        "phone": "(213) 555-0001",
        "locations_map": {}
      }
    ],
    "users": [
      {
        "id": "user_1",
        "username": "detox_admin",
        "email": "admin@caldetox.com",
        "roles": [
          "admin"
        ],
        "created_at": "2023-01-01T09:00:00Z",
        "main_user_object": {}
      }
    ],
    "roles": [
      {
        "id": "role_1",
        "name": "Admin",
        "description": "Administrator Role",
        "role_object": {}
      },
      {
        "id": "role_2",
        "name": "Provider",
        "description": "Medical Provider Role",
        "role_object": {}
      },
      {
        "id": "role_3",
        "name": "Counselor",
        "description": "Counselor Role",
        "role_object": {}
      }
    ],
    "consent_form_records": [
      {
        "id": "consent_1",
        "patient_id": "patient_1",
        "form_type": "detox consent",
        "signed_at": "2023-01-07T08:00:00Z",
        "created_at": "2023-01-07T08:00:00Z",
        "consent_form_record_base": {}
      },
      {
        "id": "consent_2",
        "patient_id": "patient_2",
        "form_type": "detox consent",
        "signed_at": "2023-01-07T08:05:00Z",
        "created_at": "2023-01-07T08:05:00Z",
        "consent_form_record_base": {}
      },
      {
        "id": "consent_3",
        "patient_id": "patient_3",
        "form_type": "detox consent",
        "signed_at": "2023-01-07T08:10:00Z",
        "created_at": "2023-01-07T08:10:00Z",
        "consent_form_record_base": {}
      }
    ],
    "allergens": [
      {
        "id": "allergen_1",
        "name": "Penicillin",
        "allergen_object": {}
      },
      {
        "id": "allergen_2",
        "name": "Latex",
        "allergen_object": {}
      }
    ],
    "allergies": [
      {
        "id": "allergy_1",
        "patient_id": "patient_1",
        "allergen_id": "allergen_1",
        "reaction": "anaphylaxis",
        "created_at": "2023-01-07T10:00:00Z"
      },
      {
        "id": "allergy_2",
        "patient_id": "patient_3",
        "allergen_id": "allergen_2",
        "reaction": "mild rash",
        "created_at": "2023-01-07T10:30:00Z"
      }
    ],
    "glucose_logs": [
      {
        "id": "glucose_log_1",
        "patient_id": "patient_1",
        "level": 90,
        "timestamp": "2023-01-07T09:15:00Z",
        "glucose_log_object": {}
      },
      {
        "id": "glucose_log_2",
        "patient_id": "patient_2",
        "level": 95,
        "timestamp": "2023-01-07T09:20:00Z",
        "glucose_log_object": {}
      },
      {
        "id": "glucose_log_3",
        "patient_id": "patient_3",
        "level": 88,
        "timestamp": "2023-01-07T09:25:00Z",
        "glucose_log_object": {}
      }
    ],
    "group_sessions": [
      {
        "id": "group_session_1",
        "patient_id": "patient_1",
        "session_name": "Group Therapy: Coping Strategies",
        "session_date": "2023-01-07T14:00:00Z",
        "scheduler_appointment_object": {}
      }
    ],
    "patient_diets": [
      {
        "id": "diet_1",
        "patient_id": "patient_1",
        "diet_type": "detox diet",
        "notes": "Low sugar, high protein."
      },
      {
        "id": "diet_2",
        "patient_id": "patient_2",
        "diet_type": "detox diet",
        "notes": "Low fat, high fiber."
      },
      {
        "id": "diet_3",
        "patient_id": "patient_3",
        "diet_type": "detox diet",
        "notes": "Vegetarian detox plan."
      }
    ],
    "patient_orders": [
      {
        "id": "order_1",
        "patient_id": "patient_1",
        "order_type": "lab test",
        "details": "Complete blood count",
        "created_at": "2023-01-07T08:30:00Z",
        "patient_order_object": {}
      },
      {
        "id": "order_2",
        "patient_id": "patient_2",
        "order_type": "lab test",
        "details": "Liver function test",
        "created_at": "2023-01-07T08:35:00Z",
        "patient_order_object": {}
      },
      {
        "id": "order_3",
        "patient_id": "patient_3",
        "order_type": "lab test",
        "details": "Electrolyte panel",
        "created_at": "2023-01-07T08:40:00Z",
        "patient_order_object": {}
      }
    ],
    "program_history": [
      {
        "id": "program_1",
        "patient_id": "patient_1",
        "program": "Residential Detox",
        "start_date": "2023-01-07",
        "end_date": "2023-02-07"
      },
      {
        "id": "program_2",
        "patient_id": "patient_2",
        "program": "Residential Detox",
        "start_date": "2023-01-07",
        "end_date": "2023-02-07"
      },
      {
        "id": "program_3",
        "patient_id": "patient_3",
        "program": "Residential Detox",
        "start_date": "2023-01-07",
        "end_date": "2023-02-07"
      }
    ],
    "vaults": []
  }
}
